{
  "Total" : {
    "transaction" : "Total",
    "sampleCount" : 15,
    "errorCount" : 0,
    "errorPct" : 0.0,
    "meanResTime" : 4176.199999999999,
    "medianResTime" : 4219.0,
    "minResTime" : 3137.0,
    "maxResTime" : 4774.0,
    "pct1ResTime" : 4734.4,
    "pct2ResTime" : 4774.0,
    "pct3ResTime" : 4774.0,
    "throughput" : 2.954500689383494,
    "receivedKBytesPerSec" : 5.057851277821548,
    "sentKBytesPerSec" : 0.9954128299192436
  },
  "Token/Extractor" : {
    "transaction" : "Token/Extractor",
    "sampleCount" : 15,
    "errorCount" : 0,
    "errorPct" : 0.0,
    "meanResTime" : 4176.199999999999,
    "medianResTime" : 4219.0,
    "minResTime" : 3137.0,
    "maxResTime" : 4774.0,
    "pct1ResTime" : 4734.4,
    "pct2ResTime" : 4774.0,
    "pct3ResTime" : 4774.0,
    "throughput" : 2.954500689383494,
    "receivedKBytesPerSec" : 5.057851277821548,
    "sentKBytesPerSec" : 0.9954128299192436
  }
}